Firstname;Lastname;Department;Site;Manager
Alice;Martin;Finance;HQ;Claire.Durand
Hugo;Bernard;Finance;HQ;Claire.Durand
Emma;Robert;Finance;HQ;Claire.Durand
Lucas;Petit;IT;HQ;Thomas.Leroy
Lea;Richard;IT;HQ;Thomas.Leroy
Nathan;Dubois;IT;HQ;Thomas.Leroy
Chloe;Moreau;RH;HQ;Sophie.Mercier
Louis;Laurent;RH;HQ;Sophie.Mercier
Manon;Simon;RH;HQ;Sophie.Mercier
Gabriel;Michel;Support;Branch;Julien.Roux
Jade;Lefevre;Support;Branch;Julien.Roux
Arthur;Garcia;Support;Branch;Julien.Roux
Claire;Durand;Direction;HQ;
Thomas;Leroy;Direction;HQ;
Sophie;Mercier;Direction;HQ;
Julien;Roux;Direction;Branch;
Camille;David;Finance;Branch;Claire.Durand
Adam;Bertrand;IT;Branch;Thomas.Leroy
Louise;Roux;RH;Branch;Sophie.Mercier
Jules;Vincent;Support;HQ;Julien.Roux
Ines;Fournier;Finance;HQ;Claire.Durand
Raphael;Morel;IT;HQ;Thomas.Leroy
Lina;Girard;RH;HQ;Sophie.Mercier
Paul;Andre;Support;Branch;Julien.Roux
